,1wk_WIS_improvement,2wk_WIS_improvement,3wk_WIS_improvement,4wk_WIS_improvement
0,-280.4998020772977,-51.981879617189215,21.989230447011224,54.09447438899675
